Index,Query(한글),LLM Output,Functions
0AKHYG,화요일 일산 날씨 알려줘,"<function_MO>(timeframe=4, location=""일산"")<end>",['function_MO']
0ANWQP,화요일 산티아고 날씨 어때,"<function_MO>(timeframe=4, location=""산티아고"")<end>",['function_MO']
0AZGIR,토요일 세종시 날씨 더울까,"<function_MO>(timeframe=8, location=""세종시"")<end>",['function_MO']
0BQZFH,내일 아부다비 날씨 안내해줘,"<function_MO>(timeframe=1, location=""아부다비"")<end>",['function_MO']
0BSKEH,앤트워프의 월요일 날씨 전망을 표시해주세요,"<function_MO>(timeframe=3, location=""앤트워프"")<end>",['function_MO']
0CLRLO,월요일 날씨 전망을 표시해줄 수 있어,"<function_MO>(timeframe=3, location=""0"")<end>",['function_MO']
0CWWOW,목요일 워르소 날씨에 눈 오니,"<function_MO>(timeframe=6, location=""워르소"")<end>",['function_MO']
0DBFXU,월요일 하얼빈 날씨 알려줘,"<function_MO>(timeframe=3, location=""하얼빈"")<end>",['function_MO']
0DTVES,주말 나이로비 날씨 더워,"<function_MO>(timeframe=2, location=""나이로비"")<end>",['function_MO']
0DVAKD,화요일 마르세유 날씨 알려주세요,"<function_MO>(timeframe=4, location=""마르세유"")<end>",['function_MO']
0EPTKU,월요일 멜버른 날씨 몇 도일까,"<function_MO>(timeframe=3, location=""멜버른"")<end>",['function_MO']
0FMZYF,일요일 날씨 몇 도야,"<function_MO>(timeframe=9, location=""0"")<end>",['function_MO']
0FUQCU,목요일 슈투트가르트 날씨 어때요,"<function_MO>(timeframe=6, location=""슈투트가르트"")<end>",['function_MO']
0GNSLV,고정 공청 기능 켜줘 월요일 카이로 날씨 알려줘,"<function_PG>();<function_MO>(timeframe=3, location=카이로)<end>","['function_PG', 'function_MO']"
0GVAUX,주말 루체른 날씨가 어떤가요,"<function_MO>(timeframe=2, location=""루체른"")<end>",['function_MO']
0GVSTL,금요일 날씨 말해줘요,"<function_MO>(timeframe=7, location=""0"")<end>",['function_MO']
0HIIWN,다음 주에 있을 약속이 취소돼서 좀 아쉽다 그 다음에 수요일 날씨 알려줘,"<function_MR>();<function_MO>(timeframe=5, location=""0"")<end>","['function_MR', 'function_MO']"
0HMYJR,주말 포항 날씨 어때,"<function_MO>(timeframe=2, location=""포항"")<end>",['function_MO']
0HRDBU,목요일 남원 날씨 좀 알려줄래,"<function_MO>(timeframe=6, location=""남원"")<end>",['function_MO']
0IRLAD,중구 주말 날씨 알려줘,"<function_MO>(timeframe=2, location=""중구"")<end>",['function_MO']
0JGZKX,월요일 익산 날씨 좀 알려주세요,"<function_MO>(timeframe=3, location=""익산"")<end>",['function_MO']
0JJWJX,금요일 화성 날씨 알려줘,"<function_MO>(timeframe=7, location=""화성"")<end>",['function_MO']
0LPUYJ,주말 날씨 보여줘,"<function_MO>(timeframe=2, location=""0"")<end>",['function_MO']
0MCJLT,내일 날씨 추울까 그 다음에 내일은 조금 일찍 일어나서 할 일 좀 미리 해둬야겠어,"<function_MO>(timeframe=1, location=""0"");<function_MR>()<end>","['function_MO', 'function_MR']"
0MRSFT,주말 날씨 알려줄래,"<function_MO>(timeframe=2, location=""0"")<end>",['function_MO']
0MRTNE,금요일 해운대 날씨 비 와 이어서 오늘은 하루 종일 바쁘게 보냈는데도 아직 해야 할 일이 남아있어,"<function_MO>(timeframe=7, location=해운대);<function_MR>()<end>","['function_MO', 'function_MR']"
0MSLWI,화요일 케이프타운 날씨 몇 도일까,"<function_MO>(timeframe=4, location=""케이프타운"")<end>",['function_MO']
0MZPOW,목요일 날씨 몇 도야,"<function_MO>(timeframe=6, location=""0"")<end>",['function_MO']
0NCQKH,금요일 날씨 정보 표시해줄래,"<function_MO>(timeframe=7, location=""0"")<end>",['function_MO']
0NHEGE,토요일 여기 날씨 어때,"<function_MO>(timeframe=8, location=""0"")<end>",['function_MO']
0NTOVG,충전하러 복귀 다음으로 아부다비의 수요일 날씨 정보 표시해줄래,"<function_KI>();<function_MO>(timeframe=5, location=아부다비)<end>","['function_KI', 'function_MO']"
0OGNXA,금요일 날씨 많이 추워,"<function_MO>(timeframe=7, location=""보고"")<end>",['function_MO']
0PUVTK,일요일 날씨 보여줘,"<function_MO>(timeframe=9, location=""0"")<end>",['function_MO']
0PXMFZ,수요일 오사카 날씨 비 와요,"<function_MO>(timeframe=5, location=""오사카"")<end>",['function_MO']
0QGDVH,주말 날씨 좀,"<function_MO>(timeframe=2, location=""0"")<end>",['function_MO']
0QJQMP,금요일 강서구 날씨 알려줘,"<function_MO>(timeframe=7, location=""강서구"")<end>",['function_MO']
0QYZGY,토요일 퀘벡 날씨 어때,"<function_MO>(timeframe=8, location=""퀘벡"")<end>",['function_MO']
0RHUVQ,수요일 양양 날씨 알려죠,"<function_MO>(timeframe=5, location=""양양"")<end>",['function_MO']
0TIXHQ,목요일 날씨,"<function_MO>(timeframe=6, location=""0"")<end>",['function_MO']
0TJRGN,수요일 날씨 전망을 표시해줄 수 있어 그 다음에 새로운 옷을 사고 싶은데 어떤 스타일이 좋을지 고민이야,"<function_MO>(timeframe=5, location=""0"");<function_MR>()<end>","['function_MO', 'function_MR']"
0TSPLG,주말 날씨 알려죠,"<function_MO>(timeframe=2, location=""0"")<end>",['function_MO']
0WFORI,시드니의 목요일 날씨 안내해줘,"<function_MO>(timeframe=6, location=""시드니"")<end>",['function_MO']
0XZUHL,고정 공기 청정 가동 시작해줘 또 목요일 싱가포르 날씨 비 와,"<function_PG>();<function_MO>(timeframe=6, location=싱가포르)<end>","['function_PG', 'function_MO']"
0YMVNL,목요일 날씨 전망을 표시해줄 수 있어,"<function_MO>(timeframe=6, location=""0"")<end>",['function_MO']
0YOHIT,월요일 날씨 몇 도야,"<function_MO>(timeframe=3, location=""0"")<end>",['function_MO']
0YTROP,처음 위치로 돌아가주면 좋겠어 그 다음에 목요일 날씨 몇 도야,"<function_KI>();<function_MO>(timeframe=6, location=""0"")<end>","['function_KI', 'function_MO']"
0ZJQWT,월요일 다카 날씨 더워,"<function_MO>(timeframe=3, location=""다카"")<end>",['function_MO']
0ZJXHW,금요일 날씨 전망을 표시해줄 수 있어 또 요즘 너무 바빠서 운동할 시간이 없어서 몸이 찌뿌둥해,"<function_MO>(timeframe=7, location=""0"");<function_MR>()<end>","['function_MO', 'function_MR']"
0ZPOYR,영화관에서 팝콘이랑 콜라 마시면서 영화 보고 싶다 다음으로 일요일 리우데자네이루 날씨 알려줘,"<function_MR>();<function_MO>(timeframe=9, location=리우데자네이루)<end>","['function_MR', 'function_MO']"
0ZSCUY,일요일 블라디보스토크 날씨에 눈 오니,"<function_MO>(timeframe=9, location=""블라디보스토크"")<end>",['function_MO']
0ZTSXX,수요일 하바나 날씨 어때,"<function_MO>(timeframe=5, location=""하바나"")<end>",['function_MO']
1AAQPL,내일 상하이 날씨 두껍게 입어야 해,"<function_MO>(timeframe=1, location=""상하이"")<end>",['function_MO']
1AMVKE,고정 공기 청정 실행해줘 이어서 일요일 날씨 추울까,"<function_PG>();<function_MO>(timeframe=9, location=""0"")<end>","['function_PG', 'function_MO']"
1BGELW,일요일 날씨 알려줄래,"<function_MO>(timeframe=9, location=""0"")<end>",['function_MO']
1BTPUX,화요일 시애틀 날씨 몇 도야,"<function_MO>(timeframe=4, location=""시애틀"")<end>",['function_MO']
1BYXJK,처음 위치로 돌아가주면 좋겠어 그리고 현재 하노이 날씨 알려주세요,"<function_KI>();<function_MO>(timeframe=0, location=하노이)<end>","['function_KI', 'function_MO']"
1DAPUW,금요일 창춘 날씨 알려줘,"<function_MO>(timeframe=7, location=""창춘"")<end>",['function_MO']
1DKEJO,금요일 우한 날씨 어때,"<function_MO>(timeframe=7, location=""우한"")<end>",['function_MO']
1DNZQQ,고정 공기 청정 가동 시작해줘 그러고 나서 주말 베이징 날씨 몇 도야,"<function_PG>();<function_MO>(timeframe=2, location=베이징)<end>","['function_PG', 'function_MO']"
1DTOWJ,월요일 오클랜드 날씨 어때,"<function_MO>(timeframe=3, location=""오클랜드"")<end>",['function_MO']
1EGPXF,월요일 날씨,"<function_MO>(timeframe=3, location=""0"")<end>",['function_MO']
1FHRYU,목요일 날씨 좀,"<function_MO>(timeframe=6, location=""0"")<end>",['function_MO']
1GXNQW,목요일 날씨 알려줄래,"<function_MO>(timeframe=6, location=""0"")<end>",['function_MO']
1HOHQQ,토요일 카사블랑카 날씨 몇 도일까,"<function_MO>(timeframe=8, location=""카사블랑카"")<end>",['function_MO']
1HVDPJ,내일 군산 날씨 좀 알려주세요,"<function_MO>(timeframe=1, location=""군산"")<end>",['function_MO']
1IDJOT,시드니의 토요일 날씨 정보 표시해줄래 그 후에 오늘은 아무것도 안 하고 그냥 푹 쉬고 싶어,"<function_MO>(timeframe=8, location=시드니);<function_MR>()<end>","['function_MO', 'function_MR']"
1IEUIG,금요일 여기 날씨 어때,"<function_MO>(timeframe=7, location=""0"")<end>",['function_MO']
1IQURS,화요일 날씨 더워,"<function_MO>(timeframe=4, location=""0"")<end>",['function_MO']
1KQILT,월요일 여수 날씨 따뜻하게 입어야 할까,"<function_MO>(timeframe=3, location=""여수"")<end>",['function_MO']
1KVKJE,하남의 일요일 날씨 전망을 표시해주세요,"<function_MO>(timeframe=9, location=""하남"")<end>",['function_MO']
1MICBK,푸켓 주말 날씨 알려줘,"<function_MO>(timeframe=2, location=""푸켓"")<end>",['function_MO']
1MQBGV,화요일 순천 날씨 따뜻하게 입어야 할까,"<function_MO>(timeframe=4, location=""순천"")<end>",['function_MO']
1NMDAC,목요일 관악구 날씨 알려줘,"<function_MO>(timeframe=6, location=""관악구"")<end>",['function_MO']
1OEFVP,전주 내일 날씨 더울까,"<function_MO>(timeframe=1, location=""전주"")<end>",['function_MO']
1RJCYI,월요일 날씨 어때,"<function_MO>(timeframe=3, location=""0"")<end>",['function_MO']
1RKUPO,새로 시작한 운동이 너무 힘들어서 포기할까 고민 중이야 다음으로 수요일 나폴리 날씨 어때,"<function_MR>();<function_MO>(timeframe=5, location=나폴리)<end>","['function_MR', 'function_MO']"
1RYGFY,이제 그만 복귀해 월요일 날씨 몇 도야,"<function_KI>();<function_MO>(timeframe=3, location=""0"")<end>","['function_KI', 'function_MO']"
1SCYJG,처음 위치로 돌아가주면 좋겠어 다음으로 월요일 리우데자네이루 날씨 비 와,"<function_KI>();<function_MO>(timeframe=3, location=리우데자네이루)<end>","['function_KI', 'function_MO']"
1SLHZC,고정 공기 청정 가동 시작해줘 그 후에 주말 날씨 정보 표시해줄래,"<function_PG>();<function_MO>(timeframe=2, location=""0"")<end>","['function_PG', 'function_MO']"
1STPTY,주말 광주 날씨 좀 알려주세요,"<function_MO>(timeframe=2, location=""광주"")<end>",['function_MO']
1TBLBM,목요일 몰타 날씨 알려주세요,"<function_MO>(timeframe=6, location=""몰타"")<end>",['function_MO']
1TSRRD,수요일 날씨 어때,"<function_MO>(timeframe=5, location=""0"")<end>",['function_MO']
1TUMZO,목요일 대치동 날씨 상황 어때,"<function_MO>(timeframe=6, location=""대치동"")<end>",['function_MO']
1UYXXA,이제 그만 복귀해 그리고 월요일 날씨 알려줘,"<function_KI>();<function_MO>(timeframe=3, location=""0"")<end>","['function_KI', 'function_MO']"
1VJOSF,수요일 뮌헨 날씨 어때요,"<function_MO>(timeframe=5, location=""뮌헨"")<end>",['function_MO']
1VJZIG,고정 공기 청정 실행해줘 그리고 토요일 날씨 정보 표시해줄래,"<function_PG>();<function_MO>(timeframe=8, location=""0"")<end>","['function_PG', 'function_MO']"
1VQQAB,주말 오타와 날씨 비 와,"<function_MO>(timeframe=2, location=""오타와"")<end>",['function_MO']
1WANRN,수요일 오사카 날씨 비 와 다음으로 다음 주에는 조금 더 부지런하게 지내야겠다고 다짐 중이야,"<function_MO>(timeframe=5, location=오사카);<function_MR>()<end>","['function_MO', 'function_MR']"
1WDXGY,수요일 샌프란시스코 날씨 안내해죠,"<function_MO>(timeframe=5, location=""샌프란시스코"")<end>",['function_MO']
1WHTMO,충전 위치로 되돌아가 또 수요일 날씨 알려줘,"<function_KI>();<function_MO>(timeframe=5, location=""0"")<end>","['function_KI', 'function_MO']"
1YFACS,내일 빈 날씨 좀 알려줘,"<function_MO>(timeframe=1, location=""빈"")<end>",['function_MO']
1YIURM,홍성 월요일 날씨 어때요,"<function_MO>(timeframe=3, location=""홍성"")<end>",['function_MO']
1ZTUFQ,이제 그만 복귀해 그리고 목요일 날씨 전망을 표시해줄 수 있어,"<function_KI>();<function_MO>(timeframe=6, location=""0"")<end>","['function_KI', 'function_MO']"
2BABDE,금요일 사이판 날씨 알려주세요,"<function_MO>(timeframe=7, location=""사이판"")<end>",['function_MO']
2BVIJI,수요일 안양 날씨 알려줘,"<function_MO>(timeframe=5, location=""안양"")<end>",['function_MO']
2FKBTP,일요일 날씨 전망을 표시해줄 수 있어,"<function_MO>(timeframe=9, location=""0"")<end>",['function_MO']
2FKJMH,월요일 날씨 보여줘,"<function_MO>(timeframe=3, location=""0"")<end>",['function_MO']
2GXGUV,주말 목포 날씨 더울까,"<function_MO>(timeframe=2, location=""목포"")<end>",['function_MO']
2HBHGT,주말 김포 날씨 알려줘,"<function_MO>(timeframe=2, location=""김포"")<end>",['function_MO']
2HRSMB,일요일 벤쿠버 날씨 어때,"<function_MO>(timeframe=9, location=""벤쿠버"")<end>",['function_MO']
2HVLGU,미슐콜츠의 금요일 날씨 정보 표시해줄래,"<function_MO>(timeframe=7, location=""미슐콜츠"")<end>",['function_MO']
2HYYIE,금요일 안산 날씨 좀 알려주세요,"<function_MO>(timeframe=7, location=""안산"")<end>",['function_MO']
2HZQTL,고정 공청 기능 켜줘 그 후에 화요일 홍콩 날씨 어때,"<function_PG>();<function_MO>(timeframe=4, location=홍콩)<end>","['function_PG', 'function_MO']"
2IKEJC,월요일 삿포로 날씨 비 와요,"<function_MO>(timeframe=3, location=""삿포로"")<end>",['function_MO']
2JVDAV,목요일 후쿠오카 날씨 비 와요,"<function_MO>(timeframe=6, location=""후쿠오카"")<end>",['function_MO']
2KASSV,일요일 몬트리올 날씨 비 와 다음으로 새로 산 책이 너무 재미있어서 밤새 읽었어,"<function_MO>(timeframe=9, location=몬트리올);<function_MR>()<end>","['function_MO', 'function_MR']"
2NCBNM,충전하러 복귀 이어서 목요일 날씨 알려줘,"<function_KI>();<function_MO>(timeframe=6, location=""0"")<end>","['function_KI', 'function_MO']"
2NMIST,내일 마닐라 날씨 알려주세요,"<function_MO>(timeframe=1, location=""마닐라"")<end>",['function_MO']
2PHZWP,일요일 의성 날씨 좀 알려줄래,"<function_MO>(timeframe=9, location=""의성"")<end>",['function_MO']
2QCHVS,토요일 가평 날씨 어때,"<function_MO>(timeframe=8, location=""가평"")<end>",['function_MO']
2QCQMR,화요일 여기 날씨 어때,"<function_MO>(timeframe=4, location=""0"")<end>",['function_MO']
2QMKYZ,수요일 서초구 날씨 알려줘,"<function_MO>(timeframe=5, location=""서초구"")<end>",['function_MO']
2REKPX,일요일 날씨 더워,"<function_MO>(timeframe=9, location=""0"")<end>",['function_MO']
2TIWKP,일요일 삿포로 날씨 비 와요,"<function_MO>(timeframe=9, location=""삿포로"")<end>",['function_MO']
2UFKQY,금요일 날씨 더워,"<function_MO>(timeframe=7, location=""0"")<end>",['function_MO']
2VCWCC,일요일 날씨,"<function_MO>(timeframe=9, location=""0"")<end>",['function_MO']
2VNQRM,목요일 도쿄 날씨 많이 더울까,"<function_MO>(timeframe=6, location=""도쿄"")<end>",['function_MO']
2VTGAD,일요일 웰링턴 날씨 안내해줘,"<function_MO>(timeframe=9, location=""웰링턴"")<end>",['function_MO']
2VYMCF,일요일 날씨 전망을 표시해줄 수 있어 그 다음에 새로 나온 스마트폰 사고 싶은데 지금 사도 괜찮을까,"<function_MO>(timeframe=9, location=""0"");<function_MR>()<end>","['function_MO', 'function_MR']"
2WPDHU,목요일 홍천 날씨 알려줄래,"<function_MO>(timeframe=6, location=""홍천"")<end>",['function_MO']
2XGVFJ,토요일 날씨 보여줘,"<function_MO>(timeframe=8, location=""0"")<end>",['function_MO']
2YHQSN,금요일 횡성 날씨 알려줄래,"<function_MO>(timeframe=7, location=""횡성"")<end>",['function_MO']
2ZFDMU,일요일 동두천 날씨 좀 알려주세요,"<function_MO>(timeframe=9, location=""동두천"")<end>",['function_MO']
2ZGUER,다음 주에 친구들이랑 여행 가기로 했는데 기대 돼 그리고 화요일 날씨 정보 표시해줄래,"<function_MR>();<function_MO>(timeframe=4, location=""0"")<end>","['function_MR', 'function_MO']"
2ZOAEC,충전하러 복귀 그리고 내일 날씨 전망을 표시해줄 수 있어,"<function_KI>();<function_MO>(timeframe=1, location=""0"")<end>","['function_KI', 'function_MO']"
3AZZOB,고정 공기 청정 가동 시작해줘 이어서 월요일 날씨 정보 표시해줄래,"<function_PG>();<function_MO>(timeframe=3, location=""0"")<end>","['function_PG', 'function_MO']"
3BHOYC,대저우의 토요일 날씨 정보 표시해줄래,"<function_MO>(timeframe=8, location=""대저우"")<end>",['function_MO']
3CEHIR,처음 위치로 돌아가주면 좋겠어 마닐라의 목요일 날씨 정보 표시해줄래,"<function_KI>();<function_MO>(timeframe=6, location=마닐라)<end>","['function_KI', 'function_MO']"
3CZGUA,창녕 목요일 날씨 어때요,"<function_MO>(timeframe=6, location=""창녕"")<end>",['function_MO']
3DBVRO,토요일 날씨,"<function_MO>(timeframe=8, location=""0"")<end>",['function_MO']
3EEQEC,토요일 파주 날씨 알려줘,"<function_MO>(timeframe=8, location=""파주"")<end>",['function_MO']
3EMKLA,노원구의 수요일 날씨 정보 표시해줄래 다음으로 집에 있는 시간이 많아지니까 집안일을 자꾸 미루게 돼,"<function_MO>(timeframe=5, location=노원구);<function_MR>()<end>","['function_MO', 'function_MR']"
3EPLZX,고정 공청 기능 켜줘 그리고 내일 날씨 몇 도야,"<function_PG>();<function_MO>(timeframe=1, location=""0"")<end>","['function_PG', 'function_MO']"
3FAAPG,집에 있는 간식이 다 떨어져서 마트에 가야겠어 다음으로 내일 파리 날씨 알려줘,"<function_MR>();<function_MO>(timeframe=1, location=파리)<end>","['function_MR', 'function_MO']"
3FHIMS,살라망카 수요일 날씨 알려줘,"<function_MO>(timeframe=5, location=""살라망카"")<end>",['function_MO']
3FXEZZ,수요일 리옹 날씨 알려주세요,"<function_MO>(timeframe=5, location=""리옹"")<end>",['function_MO']
3GTVXM,주말 라사 날씨 몇 도야,"<function_MO>(timeframe=2, location=""라사"")<end>",['function_MO']
3HQDBN,목요일 마드리드 날씨 알려주세요,"<function_MO>(timeframe=6, location=""마드리드"")<end>",['function_MO']
3IAWMV,내일 리우데자네이루 날씨에 눈 오니,"<function_MO>(timeframe=1, location=""리우데자네이루"")<end>",['function_MO']
3INQZG,목요일 인제 날씨 어때,"<function_MO>(timeframe=6, location=""인제"")<end>",['function_MO']
3JZTRG,다음 주에는 조금 더 부지런하게 지내야겠다고 결심했어 이어서 금요일 해남 날씨 어때,"<function_MR>();<function_MO>(timeframe=7, location=해남)<end>","['function_MR', 'function_MO']"
3KLCUY,아침에 일어나서 바로 운동하는 게 참 어렵네 다음으로 내일 서울 날씨 어때,"<function_MR>();<function_MO>(timeframe=1, location=서울)<end>","['function_MR', 'function_MO']"
3KOITL,청정 켜봐 또 토요일 날씨 몇 도야,"<function_PG>();<function_MO>(timeframe=8, location=""0"")<end>","['function_PG', 'function_MO']"
3LXIDD,토요일 담양 날씨 어때,"<function_MO>(timeframe=8, location=""담양"")<end>",['function_MO']
3LZVMH,강릉의 금요일 날씨 정보 표시해줄래 이어서 새로 나온 드라마가 인기가 많아서 한번 봐야겠어,"<function_MO>(timeframe=7, location=강릉);<function_MR>()<end>","['function_MO', 'function_MR']"
3MHRWK,충전 위치로 되돌아가 그 다음에 수요일 카사블랑카 날씨 알려줘,"<function_KI>();<function_MO>(timeframe=5, location=카사블랑카)<end>","['function_KI', 'function_MO']"
3NEGVL,월요일 날씨 알려죠요,"<function_MO>(timeframe=3, location=""0"")<end>",['function_MO']
3NUEGA,금요일 리마 날씨가 어떤가요,"<function_MO>(timeframe=7, location=""리마"")<end>",['function_MO']
3NUIWL,내일 날씨 전망을 표시해줄 수 있어 그 다음에 저녁으로 뭘 먹어야 할지 아직도 결정 못 했어,"<function_MO>(timeframe=1, location=""0"");<function_MR>()<end>","['function_MO', 'function_MR']"
3OOVRZ,충전 위치로 되돌아가 또 카트만두의 목요일 날씨 정보 표시해줄래,"<function_KI>();<function_MO>(timeframe=6, location=카트만두)<end>","['function_KI', 'function_MO']"
3OXLVK,화요일 날씨 좀,"<function_MO>(timeframe=4, location=""0"")<end>",['function_MO']
3OYBJK,수요일 부에노스아이레스 날씨가 어떤가요,"<function_MO>(timeframe=5, location=""부에노스아이레스"")<end>",['function_MO']
3PMWOX,월요일 날씨 알려줘,"<function_MO>(timeframe=3, location=""0"")<end>",['function_MO']
3PWALB,청정 켜봐 그러고 나서 화요일 날씨 알려줘,"<function_PG>();<function_MO>(timeframe=4, location=""0"")<end>","['function_PG', 'function_MO']"
3QEVAH,수요일 하노이 날씨 어때,"<function_MO>(timeframe=5, location=""하노이"")<end>",['function_MO']
3QPVHE,주말 춘천 날씨 어때,"<function_MO>(timeframe=2, location=""춘천"")<end>",['function_MO']
3RFOVW,스테이션 위치로 복귀하세요 그리고 현재 부산 날씨 알려주세요,"<function_KI>();<function_MO>(timeframe=0, location=부산)<end>","['function_KI', 'function_MO']"
3RLEBG,수요일 두바이 날씨 몇 도일까,"<function_MO>(timeframe=5, location=""두바이"")<end>",['function_MO']
3SUPYN,새로 산 책을 읽고 있는데 내용이 너무 흥미로워 그 후에 토요일 런던 날씨 어때,"<function_MR>();<function_MO>(timeframe=8, location=런던)<end>","['function_MR', 'function_MO']"
3SVZVB,화요일 날씨 정보 표시해줄래,"<function_MO>(timeframe=4, location=""0"")<end>",['function_MO']
3TQHUN,수요일 광저우 날씨 두껍게 입어야 해,"<function_MO>(timeframe=5, location=""광저우"")<end>",['function_MO']
3UBYCY,토요일 날씨 알려줘,"<function_MO>(timeframe=8, location=""0"")<end>",['function_MO']
3VVQVM,화요일 태안 날씨 알려줄래,"<function_MO>(timeframe=4, location=""태안"")<end>",['function_MO']
3WKCCQ,토요일 양평 날씨 알려줘,"<function_MO>(timeframe=8, location=""양평"")<end>",['function_MO']
3WLTWN,고정 청정 온 그 후에 방콕의 수요일 날씨 정보 표시해줄래,"<function_PG>();<function_MO>(timeframe=5, location=방콕)<end>","['function_PG', 'function_MO']"
3XTTSO,충전하러 복귀 다음으로 화요일 날씨 정보 표시해줄래,"<function_KI>();<function_MO>(timeframe=4, location=""0"")<end>","['function_KI', 'function_MO']"
3XXSEH,영천 금요일 날씨 어때요,"<function_MO>(timeframe=7, location=""영천"")<end>",['function_MO']
3ZCJFW,화요일 베이징 날씨 비 와,"<function_MO>(timeframe=4, location=""베이징"")<end>",['function_MO']
3ZCPFE,일요일 고흥 날씨 따뜻하게 입어야 할까,"<function_MO>(timeframe=9, location=""고흥"")<end>",['function_MO']
3ZEDDQ,산레모 목요일 날씨 보여줘,"<function_MO>(timeframe=6, location=""산레모"")<end>",['function_MO']
3ZLGDY,수요일 밴쿠버 날씨 몇 도야,"<function_MO>(timeframe=5, location=""밴쿠버"")<end>",['function_MO']
4AMPER,화요일 날씨 알려줘,"<function_MO>(timeframe=4, location=""0"")<end>",['function_MO']
4BWECD,수요일 날씨 좀 알려줘요,"<function_MO>(timeframe=5, location=""0"")<end>",['function_MO']
4CQULT,월요일 제네바 날씨 좀 알려죠요,"<function_MO>(timeframe=3, location=""제네바"")<end>",['function_MO']
4DFDHM,점심 먹고 나니까 갑자기 너무 졸리네 잠깐 낮잠이라도 자야겠어 그러고 나서 주말 날씨 정보 표시해줄래,"<function_MR>();<function_MO>(timeframe=2, location=""0"")<end>","['function_MR', 'function_MO']"
4DFSFF,일요일 타히티 날씨 알려주세요,"<function_MO>(timeframe=9, location=""타히티"")<end>",['function_MO']
4DOMCW,월요일 메카 날씨 안내해줘,"<function_MO>(timeframe=3, location=""메카"")<end>",['function_MO']
4EBCLV,화요일 날씨 보여줘,"<function_MO>(timeframe=4, location=""0"")<end>",['function_MO']
4FDAAB,월요일 진주 날씨 알려줘,"<function_MO>(timeframe=3, location=""진주"")<end>",['function_MO']
4FRYLG,리우 화요일 날씨가 어떤가요,"<function_MO>(timeframe=4, location=""리우"")<end>",['function_MO']
4FSVLO,고정 공기 청정 가동 시작해줘 그리고 화요일 날씨 전망을 표시해줄 수 있어,"<function_PG>();<function_MO>(timeframe=4, location=""0"")<end>","['function_PG', 'function_MO']"
4FWELN,고정 청정 온 이어서 일요일 해남 날씨 알려줘,"<function_PG>();<function_MO>(timeframe=9, location=해남)<end>","['function_PG', 'function_MO']"
4FYACT,성북구 토요일 날씨 눈 올까,"<function_MO>(timeframe=8, location=""성북구"")<end>",['function_MO']
4FZXAK,주말 나고야 날씨 비 와요,"<function_MO>(timeframe=2, location=""나고야"")<end>",['function_MO']
4GCQRJ,자카르타의 월요일 날씨 정보 표시해줄래 이어서 내일은 아침부터 중요한 미팅이 있어서 조금 긴장되네,"<function_MO>(timeframe=3, location=자카르타);<function_MR>()<end>","['function_MO', 'function_MR']"
4GKWUS,화요일 날씨 몇 도야,"<function_MO>(timeframe=4, location=""0"")<end>",['function_MO']
4GNJPB,금요일 하노이 날씨 비 와,"<function_MO>(timeframe=7, location=""하노이"")<end>",['function_MO']
4HDCFE,내일은 꼭 일찍 일어나서 하루를 시작해야지 그 후에 토요일 제주시 날씨 알려줘,"<function_MR>();<function_MO>(timeframe=8, location=제주시)<end>","['function_MR', 'function_MO']"
4HKZYE,토요일 샌프란시스코 날씨 몇 도야,"<function_MO>(timeframe=8, location=""샌프란시스코"")<end>",['function_MO']
4HSNQH,월요일 부다페스트 날씨에 눈 오니,"<function_MO>(timeframe=3, location=""부다페스트"")<end>",['function_MO']
4HTFZJ,주말 베니스 날씨 많이 더울까,"<function_MO>(timeframe=2, location=""베니스"")<end>",['function_MO']
4ICYHD,화요일 날씨 어때,"<function_MO>(timeframe=4, location=""0"")<end>",['function_MO']
4IQDWN,월요일 베른 날씨가 어떤가요,"<function_MO>(timeframe=3, location=""베른"")<end>",['function_MO']
4JEGTJ,목요일 상파울루 날씨가 어떤가요,"<function_MO>(timeframe=6, location=""상파울루"")<end>",['function_MO']
4JEQAX,내일은 꼭 일찍 일어나서 할 일을 끝내야겠어 다음으로 수요일 강남 날씨 알려줘,"<function_MR>();<function_MO>(timeframe=5, location=강남)<end>","['function_MR', 'function_MO']"
4JKCXD,청정 켜봐 그 다음에 목요일 날씨 알려줘,"<function_PG>();<function_MO>(timeframe=6, location=""0"")<end>","['function_PG', 'function_MO']"
4JWDGF,고정 공기 청정 가동 시작해줘 그리고 강남의 금요일 날씨 정보 표시해줄래,"<function_PG>();<function_MO>(timeframe=7, location=강남)<end>","['function_PG', 'function_MO']"
4KBVBR,주말 타이베이 날씨 두껍게 입어야 해,"<function_MO>(timeframe=2, location=""타이베이"")<end>",['function_MO']
4KUBCT,주말 발리 날씨 알려주세요,"<function_MO>(timeframe=2, location=""발리"")<end>",['function_MO']
4LTIRN,고정 공기 청정 실행해줘 다음으로 수요일 두바이 날씨 비 와,"<function_PG>();<function_MO>(timeframe=5, location=두바이)<end>","['function_PG', 'function_MO']"
4LZDAE,토요일 날씨 추울까,"<function_MO>(timeframe=8, location=""0"")<end>",['function_MO']
4MOUCQ,금요일 날씨 어때,"<function_MO>(timeframe=7, location=""0"")<end>",['function_MO']
4MZQCR,주말 날씨 좀 알려죠요,"<function_MO>(timeframe=2, location=""0"")<end>",['function_MO']
4NNUOC,화요일 날씨 추울까,"<function_MO>(timeframe=4, location=""0"")<end>",['function_MO']
4NWSKD,금요일 날씨 추울까,"<function_MO>(timeframe=7, location=""0"")<end>",['function_MO']
4PJGTT,김천의 토요일 날씨 전망을 표시해주세요,"<function_MO>(timeframe=8, location=""김천"")<end>",['function_MO']
4QHAYV,주말 날씨 추울까,"<function_MO>(timeframe=2, location=""0"")<end>",['function_MO']
4QRUSV,주말 마카오 날씨 몇 도야,"<function_MO>(timeframe=2, location=""마카오"")<end>",['function_MO']
4RCZMB,아그라 토요일 날씨 알려줘,"<function_MO>(timeframe=8, location=""아그라"")<end>",['function_MO']
4RNBXX,금요일 날씨 보여줘,"<function_MO>(timeframe=7, location=""0"")<end>",['function_MO']
4SKCNG,서대문구 주말 날씨 눈 올까,"<function_MO>(timeframe=2, location=""서대문구"")<end>",['function_MO']
4SMBSR,수요일 날씨,"<function_MO>(timeframe=5, location=""0"")<end>",['function_MO']
4SOBKN,일요일 날씨 좀 알려줘요,"<function_MO>(timeframe=9, location=""0"")<end>",['function_MO']
4TKHIH,금요일 캔버라 날씨 안내해줘,"<function_MO>(timeframe=7, location=""캔버라"")<end>",['function_MO']
4VLHKK,고정 공기 청정 실행해줘 일요일 날씨 알려줘,"<function_PG>();<function_MO>(timeframe=9, location=""0"")<end>","['function_PG', 'function_MO']"
4VNDJH,고정 공기 청정 실행해줘 다음으로 토요일 천호동 날씨 알려줘,"<function_PG>();<function_MO>(timeframe=8, location=천호동)<end>","['function_PG', 'function_MO']"
4VNVPH,처음 위치로 돌아가주면 좋겠어 이어서 화요일 날씨 알려줘,"<function_KI>();<function_MO>(timeframe=4, location=""0"")<end>","['function_KI', 'function_MO']"
4WNNMF,스테이션 위치로 복귀하세요 그리고 주말 날씨 추울까,"<function_KI>();<function_MO>(timeframe=2, location=""0"")<end>","['function_KI', 'function_MO']"
4WVVNZ,금요일 브레멘 날씨 어때요,"<function_MO>(timeframe=7, location=""브레멘"")<end>",['function_MO']
4XJGLK,토요일 리스본 날씨 좀 알려줘,"<function_MO>(timeframe=8, location=""리스본"")<end>",['function_MO']
4ZADLL,내일 리마 날씨 어때,"<function_MO>(timeframe=1, location=""리마"")<end>",['function_MO']
5APKBY,강남구 수요일 날씨 눈 올까,"<function_MO>(timeframe=5, location=""강남구"")<end>",['function_MO']
5AVSRN,스테이션 위치로 복귀하세요 그러고 나서 월요일 날씨 전망을 표시해줄 수 있어,"<function_KI>();<function_MO>(timeframe=3, location=""0"")<end>","['function_KI', 'function_MO']"
5BFLUR,내일은 조금 더 생산적인 하루를 보내야겠어 그러고 나서 목요일 날씨 정보 표시해줄래,"<function_MR>();<function_MO>(timeframe=6, location=""0"")<end>","['function_MR', 'function_MO']"
5BOIFB,목요일 마닐라 날씨 어때,"<function_MO>(timeframe=6, location=""마닐라"")<end>",['function_MO']
5BWLZV,금요일 날씨 어떨 거 같아,"<function_MO>(timeframe=7, location=""0"")<end>",['function_MO']
5DMSNB,내일 카트만두 날씨 몇 도야,"<function_MO>(timeframe=1, location=""카트만두"")<end>",['function_MO']
5DPXSU,블라디보스토크 화요일 날씨 알려줘,"<function_MO>(timeframe=4, location=""블라디보스토크"")<end>",['function_MO']
5EKSGL,수요일 날씨 몇 도야,"<function_MO>(timeframe=5, location=""0"")<end>",['function_MO']
5EMGJS,수요일 날씨 알려줄래,"<function_MO>(timeframe=5, location=""0"")<end>",['function_MO']
5EWVZY,주말 날씨 더워,"<function_MO>(timeframe=2, location=""0"")<end>",['function_MO']
5IFVPR,청정 켜봐 그 다음에 해운대의 일요일 날씨 정보 표시해줄래,"<function_PG>();<function_MO>(timeframe=9, location=해운대)<end>","['function_PG', 'function_MO']"
5IGUUZ,세비야의 주말 날씨 전망을 표시해주세요,"<function_MO>(timeframe=2, location=""세비야"")<end>",['function_MO']
5IGWHB,내일 카사블랑카 날씨 알려줘,"<function_MO>(timeframe=1, location=""카사블랑카"")<end>",['function_MO']
5ILUQP,토요일 날씨 알려줄래,"<function_MO>(timeframe=8, location=""0"")<end>",['function_MO']
5IVRUY,화요일 자카르타 날씨 더워,"<function_MO>(timeframe=4, location=""자카르타"")<end>",['function_MO']
5JGXED,소피아 수요일 날씨에 눈 오니,"<function_MO>(timeframe=5, location=""소피아"")<end>",['function_MO']
5JHTYF,고정 청정 온 그리고 화요일 날씨 알려줘,"<function_PG>();<function_MO>(timeframe=4, location=""0"")<end>","['function_PG', 'function_MO']"
5KFRPV,토요일 에센 날씨 어때요,"<function_MO>(timeframe=8, location=""에센"")<end>",['function_MO']
5KNHTP,고정 공청 기능 켜줘 이어서 내일 날씨 몇 도야,"<function_PG>();<function_MO>(timeframe=1, location=""0"")<end>","['function_PG', 'function_MO']"
5KOJWT,충전하러 복귀 다음으로 내일 날씨 추울까,"<function_KI>();<function_MO>(timeframe=1, location=""0"")<end>","['function_KI', 'function_MO']"
5KWDIN,다음 주에 있을 모임 준비를 미리 해두는 게 좋겠지 그리고 토요일 날씨 알려줘,"<function_MR>();<function_MO>(timeframe=8, location=""0"")<end>","['function_MR', 'function_MO']"
5LDPSV,목요일 선양 날씨 비 와,"<function_MO>(timeframe=6, location=""선양"")<end>",['function_MO']
5LIOVM,고정 공기 청정 가동 시작해줘 그리고 월요일 날씨 정보 표시해줄래,"<function_PG>();<function_MO>(timeframe=3, location=""0"")<end>","['function_PG', 'function_MO']"
5LOYQG,동대문구 화요일 날씨 눈 올까,"<function_MO>(timeframe=4, location=""동대문구"")<end>",['function_MO']
5MMRRU,토요일 하노이 날씨 비 와 그 후에 요즘 스트레스를 너무 많이 받아서 어떻게 풀어야 할지 모르겠어,"<function_MO>(timeframe=8, location=하노이);<function_MR>()<end>","['function_MO', 'function_MR']"
5MOCJV,당진 수요일 날씨 어때요,"<function_MO>(timeframe=5, location=""당진"")<end>",['function_MO']
5MTKME,내일 용산구 날씨 알려죠,"<function_MO>(timeframe=1, location=""용산구"")<end>",['function_MO']
5NCBZZ,주말 보고타 날씨 어때,"<function_MO>(timeframe=2, location=""보고타"")<end>",['function_MO']
5NPTIX,수요일 성남 날씨 좀 알려주세요,"<function_MO>(timeframe=5, location=""성남"")<end>",['function_MO']
5NWOHZ,수요일 날씨 전망을 표시해줄 수 있어,"<function_MO>(timeframe=5, location=""0"")<end>",['function_MO']
5OQREM,고정 공기 청정 가동 시작해줘 다음으로 금요일 날씨 추울까,"<function_PG>();<function_MO>(timeframe=7, location=""0"")<end>","['function_PG', 'function_MO']"
5OQYAA,일요일 울산 날씨 더울까,"<function_MO>(timeframe=9, location=""울산"")<end>",['function_MO']
5OUUEU,스테이션 위치로 복귀하세요 그리고 수요일 날씨 알려줘,"<function_KI>();<function_MO>(timeframe=5, location=""0"")<end>","['function_KI', 'function_MO']"
5OWHHH,일요일 런던 날씨 몇 도야,"<function_MO>(timeframe=9, location=""런던"")<end>",['function_MO']
5PZKRS,주말 요하네스버그 날씨 알려줘,"<function_MO>(timeframe=2, location=""요하네스버그"")<end>",['function_MO']
5QINEG,목요일 날씨 알려주세요,"<function_MO>(timeframe=6, location=""0"")<end>",['function_MO']
5QOGDN,충전하러 복귀 그리고 화요일 상하이 날씨 어때,"<function_KI>();<function_MO>(timeframe=4, location=상하이)<end>","['function_KI', 'function_MO']"
5RLWFL,목요일 날씨 어때,"<function_MO>(timeframe=6, location=""0"")<end>",['function_MO']
5SLRES,목요일 광진구 날씨 비 와 그리고 내일 아침엔 일찍 일어나서 할 일을 빨리 끝내고 싶어,"<function_MO>(timeframe=6, location=광진구);<function_MR>()<end>","['function_MO', 'function_MR']"
5SRKOU,파리 금요일 날씨 더울까,"<function_MO>(timeframe=7, location=""파리"")<end>",['function_MO']
5SUWOW,함부르크 주말 날씨 어때요,"<function_MO>(timeframe=2, location=""함부르크"")<end>",['function_MO']
5TAGDQ,일요일 케이프타운 날씨 몇 도일까,"<function_MO>(timeframe=9, location=""케이프타운"")<end>",['function_MO']
5THDMY,금요일 날씨 알려줄래,"<function_MO>(timeframe=7, location=""0"")<end>",['function_MO']
5TMPAV,화요일 취리히 날씨 좀 알려줘,"<function_MO>(timeframe=4, location=""취리히"")<end>",['function_MO']
5TTZXZ,월요일 목동 날씨 상황 어때,"<function_MO>(timeframe=3, location=""목동"")<end>",['function_MO']
5UVLUC,토요일 밀라노 날씨 많이 더울까,"<function_MO>(timeframe=8, location=""밀라노"")<end>",['function_MO']
5VCOQU,수요일 목포 날씨 따뜻하게 입어야 할까,"<function_MO>(timeframe=5, location=""목포"")<end>",['function_MO']
5WUGDV,화요일 날씨 알려주세요,"<function_MO>(timeframe=4, location=""0"")<end>",['function_MO']
5WYVKR,청정 켜봐 그 다음에 뉴델리의 목요일 날씨 정보 표시해줄래,"<function_PG>();<function_MO>(timeframe=6, location=뉴델리)<end>","['function_PG', 'function_MO']"
5XATIT,지금 판교 날씨 비 와 그 후에 오늘 하루 정말 바쁘게 보냈는데 왜 이렇게 시간이 안 갔지,"<function_MO>(timeframe=0, location=판교);<function_MR>()<end>","['function_MO', 'function_MR']"
5XAXFY,금요일 날씨 전망을 표시해줄 수 있어,"<function_MO>(timeframe=7, location=""0"")<end>",['function_MO']
5XIYDP,키토 월요일 날씨 어때,"<function_MO>(timeframe=3, location=""키토"")<end>",['function_MO']
5XVZJS,월요일 군포 날씨 더울까,"<function_MO>(timeframe=3, location=""군포"")<end>",['function_MO']
5YLFMF,수요일 킬리만자로 날씨 몇 도야,"<function_MO>(timeframe=5, location=""킬리만자로"")<end>",['function_MO']
5YUCAC,금요일 나이로비 날씨 몇 도일까,"<function_MO>(timeframe=7, location=""나이로비"")<end>",['function_MO']
5ZCDJW,수요일 브뤼셀 날씨 좀 알려줘,"<function_MO>(timeframe=5, location=""브뤼셀"")<end>",['function_MO']
5ZUDKB,일요일 날씨 알려죠,"<function_MO>(timeframe=9, location=""0"")<end>",['function_MO']
5ZUJMS,월요일 날씨 알려주세요,"<function_MO>(timeframe=3, location=""0"")<end>",['function_MO']
5ZVPPK,금요일 발렌시아 날씨 알려주세요,"<function_MO>(timeframe=7, location=""발렌시아"")<end>",['function_MO']
6AFJGZ,이번에 새로 나온 전자제품 리뷰를 봤는데 괜찮더라 그 후에 뉴욕 날씨 알려줘,"<function_MR>();<function_MO>(timeframe=0, location=뉴욕)<end>","['function_MR', 'function_MO']"
6AQIWO,월요일 헬싱키 날씨 비 와,"<function_MO>(timeframe=3, location=""헬싱키"")<end>",['function_MO']
6AZWMA,목요일 날씨 추울까 그러고 나서 저녁으로 뭘 먹을지 아직도 고민 중이야 빨리 결정해야겠어,"<function_MO>(timeframe=6, location=""0"");<function_MR>()<end>","['function_MO', 'function_MR']"
6BATEK,목요일 날씨 보여줘,"<function_MO>(timeframe=6, location=""0"")<end>",['function_MO']
6BQFEV,충전 위치로 되돌아가 그리고 주말 날씨 전망을 표시해줄 수 있어,"<function_KI>();<function_MO>(timeframe=2, location=""0"")<end>","['function_KI', 'function_MO']"
6BRQPW,쿠스코 월요일 날씨 알려줘,"<function_MO>(timeframe=3, location=""쿠스코"")<end>",['function_MO']
6BTQOJ,일요일 상하이 날씨 비 와,"<function_MO>(timeframe=9, location=""상하이"")<end>",['function_MO']
6CYNSB,일요일 날씨 어때,"<function_MO>(timeframe=9, location=""0"")<end>",['function_MO']
6DFYMX,내일 도쿄 날씨 비 와 다음으로 새로 나온 게임이 재미있어 보이던데 언제 한번 해봐야겠어,"<function_MO>(timeframe=1, location=도쿄);<function_MR>()<end>","['function_MO', 'function_MR']"
6DXJLS,수요일 고성 날씨 알려줄래,"<function_MO>(timeframe=5, location=""고성"")<end>",['function_MO']
6EOGVL,목요일 메데인 날씨 어때,"<function_MO>(timeframe=6, location=""메데인"")<end>",['function_MO']
6EWHOT,월요일 날씨 좀 알려줘요,"<function_MO>(timeframe=3, location=""0"")<end>",['function_MO']
6EZRAM,월요일 날씨 추울까,"<function_MO>(timeframe=3, location=""0"")<end>",['function_MO']
6FLYLK,금요일 쿠칭 날씨 더워,"<function_MO>(timeframe=7, location=""쿠칭"")<end>",['function_MO']
6GBBLL,수요일 날씨 정보 표시해줄래,"<function_MO>(timeframe=5, location=""0"")<end>",['function_MO']
6GJHIC,화요일 칭다오 날씨 두껍게 입어야 해,"<function_MO>(timeframe=4, location=""칭다오"")<end>",['function_MO']
6GTMPX,고정 공청 기능 켜줘 이어서 주말 날씨 몇 도야,"<function_PG>();<function_MO>(timeframe=2, location=""0"")<end>","['function_PG', 'function_MO']"
6GUUOG,청정 켜봐 그리고 목요일 날씨 추울까,"<function_PG>();<function_MO>(timeframe=6, location=""0"")<end>","['function_PG', 'function_MO']"
6HAAME,화요일 교토 날씨 비 와요,"<function_MO>(timeframe=4, location=""교토"")<end>",['function_MO']
6HAQNJ,월요일 멕시코시티 날씨 비 와 이어서 운동을 꾸준히 하려고 노력 중인데 쉽지 않네,"<function_MO>(timeframe=3, location=멕시코시티);<function_MR>()<end>","['function_MO', 'function_MR']"
6HHGUH,밀드라 일요일 날씨 어때요,"<function_MO>(timeframe=9, location=""밀드라"")<end>",['function_MO']
6HURYF,주말 울산 날씨 따뜻하게 입어야 할까,"<function_MO>(timeframe=2, location=""울산"")<end>",['function_MO']
6HWZRF,고정 공기 청정 실행해줘 다음으로 수요일 이스탄불 날씨 알려줘,"<function_PG>();<function_MO>(timeframe=5, location=이스탄불)<end>","['function_PG', 'function_MO']"
6INUBW,이제 그만 복귀해 다음으로 화요일 날씨 전망을 표시해줄 수 있어,"<function_KI>();<function_MO>(timeframe=4, location=""0"")<end>","['function_KI', 'function_MO']"
6JCINJ,금요일 순창 날씨 어때,"<function_MO>(timeframe=7, location=""순창"")<end>",['function_MO']
6JWBTH,오늘은 진짜 아무것도 하기 싫어서 그냥 누워만 있었어 그 다음에 내일 날씨 알려줘,"<function_MR>();<function_MO>(timeframe=1, location=""0"")<end>","['function_MR', 'function_MO']"
6KETLF,강서구 내일 날씨 눈 올까,"<function_MO>(timeframe=1, location=""강서구"")<end>",['function_MO']
6KSJUV,주말 바르셀로나 날씨 몇 도일까,"<function_MO>(timeframe=2, location=""바르셀로나"")<end>",['function_MO']
6MGJXK,오늘은 왠지 하루가 길게 느껴지네 그리고 주말 나이로비 날씨 알려줘,"<function_MR>();<function_MO>(timeframe=2, location=나이로비)<end>","['function_MR', 'function_MO']"
6MOZYD,월요일 날씨 정보 표시해줄래,"<function_MO>(timeframe=3, location=""0"")<end>",['function_MO']
6OTIMH,고정 청정 온 그 후에 금요일 노원구 날씨 몇 도야,"<function_PG>();<function_MO>(timeframe=7, location=노원구)<end>","['function_PG', 'function_MO']"
6PDYZI,날씨 몇 도야 그리고 다음 주에 있을 약속이 취소돼서 다른 계획을 세워야겠어,"<function_MO>(timeframe=0, location=""0"");<function_MR>()<end>","['function_MO', 'function_MR']"
6PHTNE,토요일 몰디브 날씨 알려주세요,"<function_MO>(timeframe=8, location=""몰디브"")<end>",['function_MO']
6QLHPU,내일 송도 날씨 상황 어때,"<function_MO>(timeframe=1, location=""송도"")<end>",['function_MO']
6QNSRQ,안산 월요일 날씨 어때,"<function_MO>(timeframe=3, location=""안산"")<end>",['function_MO']
6QSADG,일요일 선양 날씨 두껍게 입어야 해,"<function_MO>(timeframe=9, location=""선양"")<end>",['function_MO']
6RDSLH,일요일 원주 날씨 알려줄래,"<function_MO>(timeframe=9, location=""원주"")<end>",['function_MO']
6REBFS,어제 저녁에 먹었던 음식이 너무 맛있어서 오늘도 먹고 싶어 또 월요일 날씨 알려줘,"<function_MR>();<function_MO>(timeframe=3, location=""0"")<end>","['function_MR', 'function_MO']"
6RITGH,화요일 날씨 알려줄래,"<function_MO>(timeframe=4, location=""0"")<end>",['function_MO']
6RKVVG,목요일 속초 날씨 알려줘,"<function_MO>(timeframe=6, location=""속초"")<end>",['function_MO']
6RKXWC,주말에 영화관에 가고 싶은데 요즘 재밌는 영화 뭐가 있을까 그 다음에 일요일 날씨 정보 표시해줄래,"<function_MR>();<function_MO>(timeframe=9, location=""0"")<end>","['function_MR', 'function_MO']"
6SESXX,주말 여기 날씨 어때,"<function_MO>(timeframe=2, location=""0"")<end>",['function_MO']
6SGKYO,책을 다 읽고 나니까 다른 책도 읽고 싶어졌어 그리고 목요일 노량진 날씨 어때,"<function_MR>();<function_MO>(timeframe=6, location=노량진)<end>","['function_MR', 'function_MO']"
6TMFLJ,볼만한 영화 하나 추천해 줄 수 있어 그리고 날씨 알려줘,"<function_MR>();<function_MO>(timeframe=0, location=""0"")<end>","['function_MR', 'function_MO']"
6UTZOS,금요일 날씨 추울까 또 새로운 레시피로 요리를 해볼까 하는데 뭐가 좋을지 고민 중이야,"<function_MO>(timeframe=7, location=""0"");<function_MR>()<end>","['function_MO', 'function_MR']"
6UYCKQ,틸루르그의 일요일 날씨 정보 표시해줄래,"<function_MO>(timeframe=9, location=""틸루르그"")<end>",['function_MO']
6VIFLC,금요일 평택 날씨 상황 어때,"<function_MO>(timeframe=7, location=""평택"")<end>",['function_MO']
6VRXAK,태백 토요일 날씨 보여줘,"<function_MO>(timeframe=8, location=""태백"")<end>",['function_MO']
6VYMVT,청정 켜봐 그 다음에 토요일 노량진 날씨 알려줘,"<function_PG>();<function_MO>(timeframe=8, location=노량진)<end>","['function_PG', 'function_MO']"
6WGUZF,금요일 날씨 알려주세요,"<function_MO>(timeframe=7, location=""0"")<end>",['function_MO']
6WSNGS,수요일 판교 날씨 상황 어때,"<function_MO>(timeframe=5, location=""판교"")<end>",['function_MO']
6XOXWA,목요일 날씨 좀 알려줘요,"<function_MO>(timeframe=6, location=""0"")<end>",['function_MO']
6YKMLN,일요일 오산 날씨 알려줘,"<function_MO>(timeframe=9, location=""오산"")<end>",['function_MO']
6YUKWI,화요일 샌디에이고 날씨 어때,"<function_MO>(timeframe=4, location=""샌디에이고"")<end>",['function_MO']
6ZFLRM,수요일 강릉 날씨 어때,"<function_MO>(timeframe=5, location=""강릉"")<end>",['function_MO']
6ZNFNS,수요일 날씨 추울까 그 다음에 저녁에 뭘 먹을지 아직도 고민 중이야 뭘 먹을까,"<function_MO>(timeframe=5, location=""0"");<function_MR>()<end>","['function_MO', 'function_MR']"
7ABNWL,친구랑 같이 새로운 요리를 해보고 싶은데 뭐가 좋을까 그 후에 화요일 싱가포르 날씨 알려줘,"<function_MR>();<function_MO>(timeframe=4, location=싱가포르)<end>","['function_MR', 'function_MO']"
7AQKDS,코타의 수요일 날씨 전망을 표시해주세요,"<function_MO>(timeframe=5, location=""코타"")<end>",['function_MO']
7AXARO,충전 위치로 되돌아가 다음으로 현재 날씨 정보 표시해줄래,"<function_KI>();<function_MO>(timeframe=0, location=""0"")<end>","['function_KI', 'function_MO']"
7BKUYH,수요일 싱가포르 날씨 더워,"<function_MO>(timeframe=5, location=""싱가포르"")<end>",['function_MO']
7BMGXQ,집에 있는 시간이 많아지니까 뭘 해야 할지 모르겠어 또 월요일 날씨 정보 표시해줄래,"<function_MR>();<function_MO>(timeframe=3, location=""0"")<end>","['function_MR', 'function_MO']"
7BMTEN,새로 나온 카페에 가서 커피 한 잔 하고 싶다 그 다음에 내일 날씨 정보 표시해줄래,"<function_MR>();<function_MO>(timeframe=1, location=""0"")<end>","['function_MR', 'function_MO']"
7BPTZL,여기 월요일에는 날씨 어때,"<function_MO>(timeframe=3, location=""0"")<end>",['function_MO']
7BRAKP,월요일 방콕 날씨 두껍게 입어야 해,"<function_MO>(timeframe=3, location=""방콕"")<end>",['function_MO']
7CFYXZ,일요일 다르에스살람 날씨 더워,"<function_MO>(timeframe=9, location=""다르에스살람"")<end>",['function_MO']
7CLYBB,월요일 날씨 더워,"<function_MO>(timeframe=3, location=""0"")<end>",['function_MO']
7DBOMB,일요일 과천 날씨 상황 어때,"<function_MO>(timeframe=9, location=""과천"")<end>",['function_MO']
7EASSF,아산 화요일 날씨 어때요,"<function_MO>(timeframe=4, location=""아산"")<end>",['function_MO']
7FQIBQ,화요일 아부다비 날씨 어때,"<function_MO>(timeframe=4, location=""아부다비"")<end>",['function_MO']
7GZILN,월요일 평창 날씨 어때,"<function_MO>(timeframe=3, location=""평창"")<end>",['function_MO']
7ITONU,화요일 날씨 많이 더워,"<function_MO>(timeframe=4, location=""0"")<end>",['function_MO']
7IWDSZ,수요일 칸쿤 날씨 알려주세요,"<function_MO>(timeframe=5, location=""칸쿤"")<end>",['function_MO']
7JHGTG,화요일 전주 날씨 좀 알려줄래,"<function_MO>(timeframe=4, location=""전주"")<end>",['function_MO']
7LJDGK,토요일 칭다오 날씨 어때,"<function_MO>(timeframe=8, location=""칭다오"")<end>",['function_MO']
7NMSFY,금요일 나고야 날씨 비 와요,"<function_MO>(timeframe=7, location=""나고야"")<end>",['function_MO']
7NUKOT,지금 날씨 더운지 알려줘 그리고 오랜만에 달리기라도 좀 해볼까 싶어,"<function_MO>(timeframe=0, location=""0"");<function_MR>()<end>","['function_MO', 'function_MR']"
7OGEPE,토요일 날씨 어떤가요,"<function_MO>(timeframe=8, location=""0"")<end>",['function_MO']
7PCOMA,주말 서귀포 날씨 상황 어때,"<function_MO>(timeframe=2, location=""서귀포"")<end>",['function_MO']
7POBKE,고정 청정 온 토요일 광진구 날씨 몇 도야,"<function_PG>();<function_MO>(timeframe=8, location=광진구)<end>","['function_PG', 'function_MO']"
7QSWTV,고정 공기 청정 가동 시작해줘 그리고 일요일 날씨 추울까,"<function_PG>();<function_MO>(timeframe=9, location=""0"")<end>","['function_PG', 'function_MO']"
7QTTCR,이제 그만 복귀해 이어서 내일 제주시 날씨 몇 도야,"<function_KI>();<function_MO>(timeframe=1, location=제주시)<end>","['function_KI', 'function_MO']"
7RAWCQ,토요일 날씨 몇 도야,"<function_MO>(timeframe=8, location=""0"")<end>",['function_MO']
7RBHOL,월요일 날씨 전망을 표시해줄 수 있어 또 이번 주말엔 집 청소를 제대로 한번 해볼까 생각 중이야,"<function_MO>(timeframe=3, location=""0"");<function_MR>()<end>","['function_MO', 'function_MR']"
7RDMOP,고정 청정 온 그러고 나서 내일 서울 날씨 비 와,"<function_PG>();<function_MO>(timeframe=1, location=서울)<end>","['function_PG', 'function_MO']"
7RKSKR,이번 달은 정신없이 바빠서 계획을 세우기가 어렵네 이어서 금요일 부산 날씨 알려줘,"<function_MR>();<function_MO>(timeframe=7, location=부산)<end>","['function_MR', 'function_MO']"
7RXYUN,바레인의 화요일 날씨 정보 표시해줄래,"<function_MO>(timeframe=4, location=""바레인"")<end>",['function_MO']
7SAFJY,토요일 날씨 정보 표시해줄래,"<function_MO>(timeframe=8, location=""0"")<end>",['function_MO']
7SPYHG,영등포구 일요일 날씨 눈 올까,"<function_MO>(timeframe=9, location=""영등포구"")<end>",['function_MO']
7SXVPA,토요일 고베 날씨 비 와요,"<function_MO>(timeframe=8, location=""고베"")<end>",['function_MO']
7TAOIV,이번에 새로 시작한 운동이 생각보다 힘들더라 또 금요일 날씨 정보 표시해줄래,"<function_MR>();<function_MO>(timeframe=7, location=""0"")<end>","['function_MR', 'function_MO']"
7TCOHO,청정 켜봐 그리고 청주 날씨 알려줘,"<function_PG>();<function_MO>(timeframe=0, location=청주)<end>","['function_PG', 'function_MO']"
7ULMWG,금요일 대전 날씨 더울까,"<function_MO>(timeframe=7, location=""대전"")<end>",['function_MO']
7VJWQX,고정 공기 청정 실행해줘 다음으로 모스크바의 월요일 날씨 정보 표시해줄래,"<function_PG>();<function_MO>(timeframe=3, location=모스크바)<end>","['function_PG', 'function_MO']"
7VQFLO,목요일 날씨 더워,"<function_MO>(timeframe=6, location=""0"")<end>",['function_MO']
7YIGZE,내일 후쿠오카 날씨 비 와요,"<function_MO>(timeframe=1, location=""후쿠오카"")<end>",['function_MO']
7YYWPE,고정 공기 청정 실행해줘 또 수요일 날씨 정보 표시해줄래,"<function_PG>();<function_MO>(timeframe=5, location=""0"")<end>","['function_PG', 'function_MO']"
7ZFYWO,월요일 싱가포르 날씨 몇 도야,"<function_MO>(timeframe=3, location=""싱가포르"")<end>",['function_MO']
7ZTVWD,토요일 애들레이드 날씨 어때,"<function_MO>(timeframe=8, location=""애들레이드"")<end>",['function_MO']
7ZXTGW,토요일 데날리 날씨 몇 도야,"<function_MO>(timeframe=8, location=""데날리"")<end>",['function_MO']
8AESFS,고정 공청 기능 켜줘 그리고 내일 날씨 추울까,"<function_PG>();<function_MO>(timeframe=1, location=""0"")<end>","['function_PG', 'function_MO']"
8BCMUN,토요일 날씨 추울까 그리고 이번 주말에는 그냥 집에서 편하게 쉬고 싶어,"<function_MO>(timeframe=8, location=""0"");<function_MR>()<end>","['function_MO', 'function_MR']"
8BNXCK,베이징의 내일 날씨 정보 표시해줄래 다음으로 오늘은 좀 일찍 잠자리에 들어야겠어 내일 할 일이 많거든,"<function_MO>(timeframe=1, location=베이징);<function_MR>()<end>","['function_MO', 'function_MR']"
8BURAO,청정 켜봐 또 주말 날씨 알려줘,"<function_PG>();<function_MO>(timeframe=2, location=""0"")<end>","['function_PG', 'function_MO']"
8DKCWH,뉴델리의 화요일 날씨 정보 표시해줄래 그 후에 운동을 하고 나니까 몸이 가벼워진 느낌이 들어,"<function_MO>(timeframe=4, location=뉴델리);<function_MR>()<end>","['function_MO', 'function_MR']"
8DQEQO,이번 달은 너무 바빠서 뭔가를 계획하기가 어려웠어 그리고 화요일 날씨 알려줘,"<function_MR>();<function_MO>(timeframe=4, location=""0"")<end>","['function_MR', 'function_MO']"
8EJLHY,수라바야 금요일 날씨 알려줘,"<function_MO>(timeframe=7, location=""수라바야"")<end>",['function_MO']
8FLJNR,안나푸르나 월요일 날씨 몇 도야,"<function_MO>(timeframe=3, location=""안나푸르나"")<end>",['function_MO']
8GCIAS,수요일 로마 날씨 많이 더울까,"<function_MO>(timeframe=5, location=""로마"")<end>",['function_MO']
8GDLCF,화요일 프랑크푸르트 날씨 어때요,"<function_MO>(timeframe=4, location=""프랑크푸르트"")<end>",['function_MO']
8HCJTN,토요일 난징 날씨 알려줘,"<function_MO>(timeframe=8, location=""난징"")<end>",['function_MO']
8HHSDH,레이던의 수요일 날씨 정보 표시해줄래,"<function_MO>(timeframe=5, location=""레이던"")<end>",['function_MO']
8HIMEF,고정 공기 청정 가동 시작해줘 그리고 수요일 날씨 몇 도야,"<function_PG>();<function_MO>(timeframe=5, location=""0"")<end>","['function_PG', 'function_MO']"
8HMUJM,금요일 멜버른 날씨 어때,"<function_MO>(timeframe=7, location=""멜버른"")<end>",['function_MO']
8HTUNE,새로 나온 카페가 분위기가 좋아서 가보고 싶어 그 후에 화요일 이스탄불 날씨 어때,"<function_MR>();<function_MO>(timeframe=4, location=이스탄불)<end>","['function_MR', 'function_MO']"
8IHNIT,일요일 금천구 날씨 알려줘,"<function_MO>(timeframe=9, location=""금천구"")<end>",['function_MO']
8IUVOL,주말 날씨 추울까 그러고 나서 내일은 조금 일찍 일어나서 책도 좀 읽고 운동도 해야지,"<function_MO>(timeframe=2, location=""0"");<function_MR>()<end>","['function_MO', 'function_MR']"
8JAPNQ,주말 날씨 전망을 표시해줄 수 있어,"<function_MO>(timeframe=2, location=""0"")<end>",['function_MO']
8JIEPK,토요일 피렌체 날씨 알려주세요,"<function_MO>(timeframe=8, location=""피렌체"")<end>",['function_MO']
8JXEKY,고정 공기 청정 실행해줘 그 다음에 오늘 샌프란시스코 날씨 몇 도야,"<function_PG>();<function_MO>(timeframe=0, location=샌프란시스코)<end>","['function_PG', 'function_MO']"
8KBEBO,일요일 날씨 정보 표시해줄래,"<function_MO>(timeframe=9, location=""0"")<end>",['function_MO']
8KHKEW,수요일 호놀룰루 날씨 어때,"<function_MO>(timeframe=5, location=""호놀룰루"")<end>",['function_MO']
8LDNOM,천호동의 목요일 날씨 정보 표시해줄래 그리고 오늘 저녁은 뭘 먹어야 할지 고민이네 배는 고픈데 딱히 땡기는 게 없어,"<function_MO>(timeframe=6, location=천호동);<function_MR>()<end>","['function_MO', 'function_MR']"
8LSZZZ,고정 공기 청정 가동 시작해줘 그리고 멕시코시티의 화요일 날씨 정보 표시해줄래,"<function_PG>();<function_MO>(timeframe=4, location=멕시코시티)<end>","['function_PG', 'function_MO']"
8MOXDT,수요일 날씨 좀,"<function_MO>(timeframe=5, location=""0"")<end>",['function_MO']
8MPITZ,마나마 화요일 날씨 보여줘,"<function_MO>(timeframe=4, location=""마나마"")<end>",['function_MO']
8MTWHK,일요일 레이캬비크 날씨 어때요,"<function_MO>(timeframe=9, location=""레이캬비크"")<end>",['function_MO']
8NMNWU,스포케인 주말 날씨 보여줘,"<function_MO>(timeframe=2, location=""스포케인"")<end>",['function_MO']
8OTNBI,스테이션 위치로 복귀하세요 그 다음에 주말 날씨 알려줘,"<function_KI>();<function_MO>(timeframe=2, location=""0"")<end>","['function_KI', 'function_MO']"
8PFFJG,일요일 바르셀로나 날씨 많이 더울까,"<function_MO>(timeframe=9, location=""바르셀로나"")<end>",['function_MO']
8POMNQ,월요일 쿠알라룸푸르 날씨 어때,"<function_MO>(timeframe=3, location=""쿠알라룸푸르"")<end>",['function_MO']
8QCRLY,치앙마이 내일 날씨 알려주세요,"<function_MO>(timeframe=1, location=""치앙마이"")<end>",['function_MO']
8QPXZC,화요일 종로구 날씨 알려줘,"<function_MO>(timeframe=4, location=""종로구"")<end>",['function_MO']
8SMQTL,청정 켜봐 그러고 나서 오늘 날씨 어때,"<function_PG>();<function_MO>(timeframe=0, location=""0"")<end>","['function_PG', 'function_MO']"
8SMWJJ,수요일 날씨 더워,"<function_MO>(timeframe=5, location=""0"")<end>",['function_MO']
8TBETI,주말에는 친구들이랑 영화 한 편 볼까 생각 중이야 또 금요일 날씨 알려줘,"<function_MR>();<function_MO>(timeframe=7, location=""0"")<end>","['function_MR', 'function_MO']"
8TGZOR,스테이션 위치로 복귀하세요 또 강릉의 날씨 정보 표시해줄래,"<function_KI>();<function_MO>(timeframe=0, location=강릉)<end>","['function_KI', 'function_MO']"
8TOHZU,일요일 브리즈번 날씨 어때,"<function_MO>(timeframe=9, location=""브리즈번"")<end>",['function_MO']
8TXINI,주말 세부 날씨 알려주세요,"<function_MO>(timeframe=2, location=""세부"")<end>",['function_MO']
8UFCWE,목요일 쿠알라룸푸르 날씨 더워,"<function_MO>(timeframe=6, location=""쿠알라룸푸르"")<end>",['function_MO']
8UNBHZ,세고비아 일요일 날씨 보여줘,"<function_MO>(timeframe=9, location=""세고비아"")<end>",['function_MO']
8UNYDR,충전하러 복귀 그리고 내일 시드니 날씨 알려줘,"<function_KI>();<function_MO>(timeframe=1, location=시드니)<end>","['function_KI', 'function_MO']"
8VQBAV,목요일 몽블랑 날씨 몇 도야,"<function_MO>(timeframe=6, location=""몽블랑"")<end>",['function_MO']
8WXEQE,일요일 날씨 추울까 그 다음에 저녁에 뭐 먹을지 고민 중이야 피자 아니면 파스타,"<function_MO>(timeframe=9, location=""0"");<function_MR>()<end>","['function_MO', 'function_MR']"
8WZNVK,토요일 조지타운 날씨 더워,"<function_MO>(timeframe=8, location=""조지타운"")<end>",['function_MO']
8XDZWZ,금요일 날씨 몇 도야,"<function_MO>(timeframe=7, location=""0"")<end>",['function_MO']
8YBJQL,커피를 너무 많이 마신 것 같아 밤에 잠이 올지 모르겠어 그 다음에 일요일 날씨 알려줘,"<function_MR>();<function_MO>(timeframe=9, location=""0"")<end>","['function_MR', 'function_MO']"
9AFCOH,수요일 여기 날씨 어때,"<function_MO>(timeframe=5, location=""0"")<end>",['function_MO']
9AGPLZ,토요일 날씨 어때,"<function_MO>(timeframe=8, location=""0"")<end>",['function_MO']
9AOXDX,목요일 난징 날씨 두껍게 입어야 해,"<function_MO>(timeframe=6, location=""난징"")<end>",['function_MO']
9AQUFV,토리노의 목요일 날씨 전망을 표시해주세요,"<function_MO>(timeframe=6, location=""토리노"")<end>",['function_MO']
9BDFYZ,주말에 같이 게임할 사람 구하는데 누구 할래 그 후에 현재 청주 날씨 알려주세요,"<function_MR>();<function_MO>(timeframe=0, location=청주)<end>","['function_MR', 'function_MO']"
9DTHGX,수요일 날씨 알려줘,"<function_MO>(timeframe=5, location=""0"")<end>",['function_MO']
9EASCL,주말 리스본 날씨에 눈 오니,"<function_MO>(timeframe=2, location=""리스본"")<end>",['function_MO']
9ECYZQ,화요일 구리 날씨 좀 알려주세요,"<function_MO>(timeframe=4, location=""구리"")<end>",['function_MO']
9FHAMR,충전 위치로 되돌아가 그러고 나서 주말 프라하 날씨 어때,"<function_KI>();<function_MO>(timeframe=2, location=프라하)<end>","['function_KI', 'function_MO']"
9FHKQV,일요일 날씨 추울까,"<function_MO>(timeframe=9, location=""0"")<end>",['function_MO']
9FMFIX,주말 날씨 알려주세요,"<function_MO>(timeframe=2, location=""0"")<end>",['function_MO']
9FUNEX,스테이션 위치로 복귀하세요 이어서 수요일 날씨 몇 도야,"<function_KI>();<function_MO>(timeframe=5, location=""0"")<end>","['function_KI', 'function_MO']"
9GSVRJ,토요일 세부 날씨 비 와,"<function_MO>(timeframe=8, location=""세부"")<end>",['function_MO']
9GWBFC,금요일 정선 날씨 알려죠,"<function_MO>(timeframe=7, location=""정선"")<end>",['function_MO']
9IQHXK,목요일 하얼빈 날씨 알려줘,"<function_MO>(timeframe=6, location=""하얼빈"")<end>",['function_MO']
9IUYHB,목요일 날씨 정보 표시해줄래,"<function_MO>(timeframe=6, location=""0"")<end>",['function_MO']
9JACMZ,수요일 창원 날씨 더울까,"<function_MO>(timeframe=5, location=""창원"")<end>",['function_MO']
9JQDUH,주말 로잔 날씨 좀 알려줘,"<function_MO>(timeframe=2, location=""로잔"")<end>",['function_MO']
9KETTI,금요일 톈진 날씨 비 와,"<function_MO>(timeframe=7, location=""톈진"")<end>",['function_MO']
9KTFXL,화요일 날씨 좀 알려줘요,"<function_MO>(timeframe=4, location=""0"")<end>",['function_MO']
9LCQLR,스테이션 위치로 복귀하세요 그리고 내일 런던 날씨 어때,"<function_KI>();<function_MO>(timeframe=1, location=런던)<end>","['function_KI', 'function_MO']"
9LCSWZ,주말 날씨,"<function_MO>(timeframe=2, location=""0"")<end>",['function_MO']
9LQNVF,일요일 대관령 날씨 알려줘,"<function_MO>(timeframe=9, location=""대관령"")<end>",['function_MO']
9LYSDL,토요일 브리즈번 날씨 안내해줘,"<function_MO>(timeframe=8, location=""브리즈번"")<end>",['function_MO']
9MITCT,화요일 삼척 날씨 알려죠,"<function_MO>(timeframe=4, location=""삼척"")<end>",['function_MO']
9MXWJY,문경 주말 날씨 어때요,"<function_MO>(timeframe=2, location=""문경"")<end>",['function_MO']
9MYQQY,일요일 남양주 날씨 어때,"<function_MO>(timeframe=9, location=""남양주"")<end>",['function_MO']
9MZTLX,고정 공기 청정 가동 시작해줘 그 다음에 주말 파리 날씨 알려줘,"<function_PG>();<function_MO>(timeframe=2, location=파리)<end>","['function_PG', 'function_MO']"
9NONCL,고정 공기 청정 가동 시작해줘 목요일 날씨 알려줘,"<function_PG>();<function_MO>(timeframe=6, location=""0"")<end>","['function_PG', 'function_MO']"
9OEUQA,월요일 다낭 날씨 알려주세요,"<function_MO>(timeframe=3, location=""다낭"")<end>",['function_MO']
9OPNAY,토요일 평창 날씨 알려줄래,"<function_MO>(timeframe=8, location=""평창"")<end>",['function_MO']
9OZXLL,월요일 광명 날씨 알려줘,"<function_MO>(timeframe=3, location=""광명"")<end>",['function_MO']
9PAHDT,모스크바의 주말 날씨 정보 표시해줄래 그리고 주말에 뭐 할지 아직도 결정을 못 했어 그냥 집에 있을까,"<function_MO>(timeframe=2, location=모스크바);<function_MR>()<end>","['function_MO', 'function_MR']"
9PISUQ,충전하러 복귀 다음으로 주말 몬트리올 날씨 알려줘,"<function_KI>();<function_MO>(timeframe=2, location=몬트리올)<end>","['function_KI', 'function_MO']"
9QARTZ,라하티 목요일 날씨 알려줘,"<function_MO>(timeframe=6, location=""라하티"")<end>",['function_MO']
9QGIQD,목요일 여기 날씨 어때,"<function_MO>(timeframe=6, location=""0"")<end>",['function_MO']
9QIEIN,거제 주말에 날씨 어떤지 알려줄래,"<function_MO>(timeframe=2, location=""거제"")<end>",['function_MO']
9RFWPB,메델린 월요일 날씨 보여줘,"<function_MO>(timeframe=3, location=""메델린"")<end>",['function_MO']
9RHEXD,처음 위치로 돌아가주면 좋겠어 이어서 목요일 후쿠오카 날씨 몇 도야,"<function_KI>();<function_MO>(timeframe=6, location=후쿠오카)<end>","['function_KI', 'function_MO']"
9ROFGL,충전하러 복귀 그리고 내일 날씨 몇 도야,"<function_KI>();<function_MO>(timeframe=1, location=""0"")<end>","['function_KI', 'function_MO']"
9RQJYU,금천구 월요일 날씨 눈 올까,"<function_MO>(timeframe=3, location=""금천구"")<end>",['function_MO']
9SPLHB,샌프란시스코의 날씨 정보 표시해줄래 그 후에 오늘 저녁은 뭘 먹을지 고민이야 배는 고픈데 딱히 땡기는 게 없어,"<function_MO>(timeframe=0, location=샌프란시스코);<function_MR>()<end>","['function_MO', 'function_MR']"
9SXPFS,일요일 날씨 좀,"<function_MO>(timeframe=9, location=""0"")<end>",['function_MO']
9TRLBX,주말 호치민 날씨 어때,"<function_MO>(timeframe=2, location=""호치민"")<end>",['function_MO']
9UERAD,토요일 날씨 전망을 표시해줄 수 있어 그리고 내일은 집에서 요리나 해볼까 싶어,"<function_MO>(timeframe=8, location=""0"");<function_MR>()<end>","['function_MO', 'function_MR']"
9VVJDU,주말 로마 날씨 비 와 그리고 내일 아침에 일찍 일어나서 운동을 해야 하는데 할 수 있을까 모르겠어,"<function_MO>(timeframe=2, location=로마);<function_MR>()<end>","['function_MO', 'function_MR']"
9WLVPE,토요일 날씨 좀,"<function_MO>(timeframe=8, location=""0"")<end>",['function_MO']
9WNPWJ,아르헨티나 일요일 날씨가 어떤가요,"<function_MO>(timeframe=9, location=""아르헨티나"")<end>",['function_MO']
9XOOHG,토요일 날씨 전망을 표시해줄 수 있어,"<function_MO>(timeframe=8, location=""0"")<end>",['function_MO']
9YKQCJ,라파스의 금요일 날씨 전망을 표시해주세요,"<function_MO>(timeframe=7, location=""라파스"")<end>",['function_MO']
9YUMMW,금요일 시카고 날씨 몇 도야,"<function_MO>(timeframe=7, location=""시카고"")<end>",['function_MO']
9YZJUQ,내일 대구 날씨 따뜻하게 입어야 할까,"<function_MO>(timeframe=1, location=""대구"")<end>",['function_MO']
9ZSFBU,목요일 날씨 전망을 표시해줄 수 있어 그러고 나서 새로 시작한 취미가 생각보다 재미있어서 시간이 금방 가더라,"<function_MO>(timeframe=6, location=""0"");<function_MR>()<end>","['function_MO', 'function_MR']"
